{"mse": 0.5690247717229248, "r2": 0.2652750042179164}